"","iteration","mean_GRWR"
"1","1",-0.413065383154132
"2","10",-0.458719995356209
"3","100",-0.408606787047683
"4","1000",-0.397428700256202
"5","1001",-0.407585017807693
"6","1002",-0.411724724368522
"7","1003",-0.433165084103167
"8","1004",-0.425954916409656
"9","1005",-0.430091567699312
"10","1006",-0.40906104400031
"11","1007",-0.413310526377007
"12","1008",-0.434268304411455
"13","1009",-0.418774592430591
"14","101",-0.436660800889589
"15","1010",-0.425403289857195
"16","1011",-0.422160055222755
"17","1012",-0.40540133119369
"18","1013",-0.446652111619805
"19","1014",-0.432323494142404
"20","1015",-0.450766885240817
"21","1016",-0.453274025606234
"22","1017",-0.460748566365135
"23","1018",-0.438048209726858
"24","1019",-0.432923085586834
"25","102",-0.42987037926326
"26","1020",-0.40186397908001
"27","1021",-0.399549224875867
"28","1022",-0.412759673047515
"29","1023",-0.412998303065711
"30","1024",-0.474065299795813
"31","1025",-0.424059152855062
"32","1026",-0.454747374893851
"33","1027",-0.462453940078731
"34","1028",-0.419228237581146
"35","1029",-0.419147403721611
"36","103",-0.439733940699483
"37","1030",-0.434415130616766
"38","1031",-0.396743758245692
"39","1032",-0.459677758203873
"40","1033",-0.46221015379457
"41","1034",-0.428672685797383
"42","1035",-0.449611209634027
"43","1036",-0.432158384594428
"44","1037",-0.393878849573233
"45","1038",-0.410599109868748
"46","1039",-0.419813156818665
"47","104",-0.443742264345225
"48","1040",-0.445114053270717
"49","1041",-0.415935821567414
"50","1042",-0.42795670613399
"51","1043",-0.410953853970188
"52","1044",-0.409032083080933
"53","1045",-0.443878559620702
"54","1046",-0.440175272880094
"55","1047",-0.424315530791551
"56","1048",-0.433667068592202
"57","1049",-0.423301838190687
"58","105",-0.40153497676572
"59","1050",-0.402189770095129
"60","1051",-0.391723387815224
"61","1052",-0.440131240652918
"62","1053",-0.425915011647327
"63","1054",-0.446720125223715
"64","1055",-0.425393564556953
"65","1056",-0.402169860199567
"66","1057",-0.443030897418876
"67","1058",-0.415697109813928
"68","1059",-0.425117287585242
"69","106",-0.389039248823741
"70","1060",-0.402788434768221
"71","1061",-0.416800602069937
"72","1062",-0.441683721946677
"73","1063",-0.434348548372538
"74","1064",-0.430063685831382
"75","1065",-0.431575575536303
"76","1066",-0.42853541723717
"77","1067",-0.436822491559154
"78","1068",-0.445406977389826
"79","1069",-0.422640721074086
"80","107",-0.438087175149676
"81","1070",-0.384853780007863
"82","1071",-0.410085485053446
"83","1072",-0.45141874624874
"84","1073",-0.388610216477758
"85","1074",-0.471505315447789
"86","1075",-0.435290833098658
"87","1076",-0.442246939085514
"88","1077",-0.426247890768118
"89","1078",-0.436362609355271
"90","1079",-0.392705294627419
"91","108",-0.446125525209289
"92","1080",-0.425829090524679
"93","1081",-0.422547723893369
"94","1082",-0.412186430356439
"95","1083",-0.446807079190034
"96","1084",-0.4491674653062
"97","1085",-0.409362326160561
"98","1086",-0.47287179769515
"99","1087",-0.446816977968159
"100","1088",-0.422800840410151
"101","1089",-0.439088183853705
"102","109",-0.397328762729359
"103","1090",-0.417348519700279
"104","1091",-0.461124282973791
"105","1092",-0.407694993968283
"106","1093",-0.418563393424268
"107","1094",-0.418039193442588
"108","1095",-0.426833658118342
"109","1096",-0.433505733641643
"110","1097",-0.40898982806898
"111","1098",-0.395351162330699
"112","1099",-0.438976941477384
"113","11",-0.409172461276511
"114","110",-0.429190351658717
"115","1100",-0.40640864057298
"116","1101",-0.404395466252083
"117","1102",-0.43104232487073
"118","1103",-0.431839443462035
"119","1104",-0.451754424719038
"120","1105",-0.447087919649458
"121","1106",-0.439537944245258
"122","1107",-0.413663217899243
"123","1108",-0.445587430623392
"124","1109",-0.403970417380741
"125","111",-0.452984494058454
"126","1110",-0.450671534850819
"127","1111",-0.417201128552266
"128","1112",-0.409091163724299
"129","1113",-0.406849138587518
"130","1114",-0.414972818032428
"131","1115",-0.45976331392663
"132","1116",-0.417313965779946
"133","1117",-0.410821422416076
"134","1118",-0.426668198068457
"135","1119",-0.429999317743281
"136","112",-0.428266901627838
"137","1120",-0.429697366024482
"138","1121",-0.407553118827748
"139","1122",-0.413056567888372
"140","1123",-0.410478815196405
"141","1124",-0.411301667812728
"142","1125",-0.430745013690583
"143","1126",-0.419215053488659
"144","1127",-0.416132489795357
"145","1128",-0.425748750407063
"146","1129",-0.43595368538574
"147","113",-0.433600262918282
"148","1130",-0.45292078477669
"149","1131",-0.446082368579439
"150","1132",-0.413764867735227
"151","1133",-0.428102015452852
"152","1134",-0.444005178958501
"153","1135",-0.418831877970593
"154","1136",-0.446849925455375
"155","1137",-0.448653975986696
"156","1138",-0.436003105080894
"157","1139",-0.438879118213643
"158","114",-0.441458331034558
"159","1140",-0.442939574255024
"160","1141",-0.419921171365363
"161","1142",-0.409820272162474
"162","1143",-0.4275023117891
"163","1144",-0.454725613006847
"164","1145",-0.426350676607656
"165","1146",-0.43829484984607
"166","1147",-0.4031888974234
"167","1148",-0.418939005149215
"168","1149",-0.466619055548608
"169","115",-0.425793507896631
"170","1150",-0.447714597086593
"171","1151",-0.455765819459034
"172","1152",-0.438967775728292
"173","1153",-0.426503912977434
"174","1154",-0.430712557798206
"175","1155",-0.403262996817345
"176","1156",-0.419256694311624
"177","1157",-0.412662538299599
"178","1158",-0.428972135421138
"179","1159",-0.419670115082049
"180","116",-0.412128752095565
"181","1160",-0.420360125116881
"182","1161",-0.451960751534171
"183","1162",-0.434912480784443
"184","1163",-0.405249397537332
"185","1164",-0.452371041592787
"186","1165",-0.426130771064525
"187","1166",-0.421262976008097
"188","1167",-0.461150918617185
"189","1168",-0.430947751686546
"190","1169",-0.433641097592328
"191","117",-0.424330499815647
"192","1170",-0.433510556863435
"193","1171",-0.432014653935279
"194","1172",-0.425269636523601
"195","1173",-0.429088529486745
"196","1174",-0.428710416707613
"197","1175",-0.438743163907153
"198","1176",-0.412929935390528
"199","1177",-0.450254280479637
"200","1178",-0.443986647883374
"201","1179",-0.415270461793221
"202","118",-0.42222233306506
"203","1180",-0.446240214950725
"204","1181",-0.39331777315351
"205","1182",-0.424183558376135
"206","1183",-0.437733322367595
"207","1184",-0.426395622980547
"208","1185",-0.434614647650883
"209","1186",-0.428675361154085
"210","1187",-0.405729766570361
"211","1188",-0.424560175114527
"212","1189",-0.463910115110635
"213","119",-0.431718858209058
"214","1190",-0.44393660770452
"215","1191",-0.433682935510096
"216","1192",-0.434397385940066
"217","1193",-0.432032950743847
"218","1194",-0.418231773035946
"219","1195",-0.41033008787485
"220","1196",-0.417760419770506
"221","1197",-0.438302960454472
"222","1198",-0.437202263289135
"223","1199",-0.42173798061379
"224","12",-0.429914891048929
"225","120",-0.418534983214447
"226","1200",-0.441316061296488
"227","1201",-0.410944028832454
"228","1202",-0.443000175698983
"229","1203",-0.418517221210452
"230","1204",-0.425876449329776
"231","1205",-0.381295397521896
"232","1206",-0.427284946926353
"233","1207",-0.404014920980972
"234","1208",-0.407620115269794
"235","1209",-0.452758273799923
"236","121",-0.418206655380666
"237","1210",-0.41674227381256
"238","1211",-0.437225954468642
"239","1212",-0.431526917322764
"240","1213",-0.41722463839592
"241","1214",-0.432329597086484
"242","1215",-0.466718772084862
"243","1216",-0.445640809931764
"244","1217",-0.412274696562423
"245","1218",-0.419675147922659
"246","1219",-0.419603545937852
"247","122",-0.421048394597311
"248","1220",-0.418518860238885
"249","1221",-0.426432971078308
"250","1222",-0.424992901387955
"251","1223",-0.382224418738998
"252","1224",-0.438427361304712
"253","1225",-0.440708093270658
"254","1226",-0.440076672901807
"255","1227",-0.436998910859732
"256","1228",-0.439434262204586
"257","1229",-0.437673257122872
"258","123",-0.447545348196569
"259","1230",-0.399693859356345
"260","1231",-0.453139424618718
"261","1232",-0.436822434606405
"262","1233",-0.418268624418837
"263","1234",-0.444319611791932
"264","1235",-0.381666523691934
"265","1236",-0.471752534848452
"266","1237",-0.418651330942963
"267","1238",-0.431580732963398
"268","1239",-0.425893562556016
"269","124",-0.413897495517747
"270","1240",-0.451158455053648
"271","1241",-0.439682151751491
"272","1242",-0.407407745329124
"273","1243",-0.451310417805524
"274","1244",-0.421119007441483
"275","1245",-0.470594831797034
"276","1246",-0.451174766129961
"277","1247",-0.413102481159763
"278","1248",-0.438206259993514
"279","1249",-0.414483262463628
"280","125",-0.430248287738109
"281","1250",-0.437531729371698
"282","1251",-0.41976127063484
"283","1252",-0.403380057627682
"284","1253",-0.434681782195199
"285","1254",-0.445151790989548
"286","1255",-0.4038211718584
"287","1256",-0.439406325857173
"288","1257",-0.430461479079684
"289","1258",-0.447632030116725
"290","1259",-0.411303263214087
"291","126",-0.433334796483692
"292","1260",-0.419257006575948
"293","1261",-0.4658206946009
"294","1262",-0.432743300875585
"295","1263",-0.415357558640083
"296","1264",-0.435768981493822
"297","1265",-0.42077750749013
"298","1266",-0.450146607888462
"299","1267",-0.428023521811349
"300","1268",-0.435671762027707
"301","1269",-0.456501310856188
"302","127",-0.426005935869177
"303","1270",-0.427217524172918
"304","1271",-0.44935831357318
"305","1272",-0.407429241495517
"306","1273",-0.38357584877683
"307","1274",-0.408753924101702
"308","1275",-0.438633980668775
"309","1276",-0.422648517801834
"310","1277",-0.426723560404006
"311","1278",-0.427388636369261
"312","1279",-0.426618496047218
"313","128",-0.430347593832286
"314","1280",-0.436703098982565
"315","1281",-0.428403065662736
"316","1282",-0.42758654719742
"317","1283",-0.427144785558369
"318","1284",-0.432358296223762
"319","1285",-0.412393456897313
"320","1286",-0.420481845072917
"321","1287",-0.438068402694369
"322","1288",-0.43249026866416
"323","1289",-0.432562891860995
"324","129",-0.424393018698469
"325","1290",-0.449582108569711
"326","1291",-0.414103635504645
"327","1292",-0.420423114530871
"328","1293",-0.44949572182884
"329","1294",-0.430100255421053
"330","1295",-0.4238787635516
"331","1296",-0.442103589870039
"332","1297",-0.422200533347847
"333","1298",-0.418531862314829
"334","1299",-0.423750892052604
"335","13",-0.4511425267216
"336","130",-0.433477551554234
"337","1300",-0.434862302533058
"338","1301",-0.442729940560848
"339","1302",-0.410216844292391
"340","1303",-0.435405685899994
"341","1304",-0.431705628871356
"342","1305",-0.401531430927133
"343","1306",-0.442049391463058
"344","1307",-0.44207385703475
"345","1308",-0.441601525815892
"346","1309",-0.444835375307977
"347","131",-0.443114532287402
"348","1310",-0.413923733268597
"349","1311",-0.436915221372478
"350","1312",-0.431301819416713
"351","1313",-0.442240479972304
"352","1314",-0.44591224387276
"353","1315",-0.428909940888753
"354","1316",-0.409958166519858
"355","1317",-0.433013979640145
"356","1318",-0.45092869570763
"357","1319",-0.460049958266268
"358","132",-0.445781660419604
"359","1320",-0.422633061447294
"360","1321",-0.44292562369576
"361","1322",-0.434449168097348
"362","1323",-0.405133728259928
"363","1324",-0.433903022472461
"364","1325",-0.409369616681355
"365","1326",-0.426279729104754
"366","1327",-0.451344500011026
"367","1328",-0.441038316525156
"368","1329",-0.448600663944727
"369","133",-0.377281007475384
"370","1330",-0.446476556147401
"371","1331",-0.444621021730492
"372","1332",-0.41947910855568
"373","1333",-0.414243338137812
"374","1334",-0.428873013831189
"375","1335",-0.429466602207726
"376","1336",-0.435318235445098
"377","1337",-0.448885694831509
"378","1338",-0.421442650351097
"379","1339",-0.436969043242185
"380","134",-0.434568596329891
"381","1340",-0.42106013827184
"382","1341",-0.427923804797929
"383","1342",-0.407461646287544
"384","1343",-0.406661769814704
"385","1344",-0.432406582942331
"386","1345",-0.437288253588864
"387","1346",-0.441733771202916
"388","1347",-0.421107702561588
"389","1348",-0.430503015969212
"390","1349",-0.44107265300382
"391","135",-0.411706641632624
"392","1350",-0.428883591579578
"393","1351",-0.449713146042647
"394","1352",-0.433925641323693
"395","1353",-0.437485915074958
"396","1354",-0.427791724015147
"397","1355",-0.426216816026066
"398","1356",-0.438439220159503
"399","1357",-0.399583155613946
"400","1358",-0.404365524650581
"401","1359",-0.423550351444533
"402","136",-0.418307778464052
"403","1360",-0.438797434906727
"404","1361",-0.40189268027004
"405","1362",-0.428010212626417
"406","1363",-0.426595761080484
"407","1364",-0.449920340467962
"408","1365",-0.441259905726333
"409","1366",-0.427367579889065
"410","1367",-0.432054620387949
"411","1368",-0.399925682836048
"412","1369",-0.431767147582594
"413","137",-0.445881349861648
"414","1370",-0.429730286123086
"415","1371",-0.455013710834525
"416","1372",-0.432589744645342
"417","1373",-0.442156890073217
"418","1374",-0.456505695303859
"419","1375",-0.455056973337744
"420","1376",-0.437876023147639
"421","1377",-0.440531203533544
"422","1378",-0.457527317878876
"423","1379",-0.42798813046045
"424","138",-0.430292233049616
"425","1380",-0.393166357420916
"426","1381",-0.408989793975937
"427","1382",-0.436407015165464
"428","1383",-0.416202117423228
"429","1384",-0.3978121643619
"430","1385",-0.465025879783014
"431","1386",-0.457460017005184
"432","1387",-0.431701021376876
"433","1388",-0.421928820647109
"434","1389",-0.435633318472341
"435","139",-0.459297917536264
"436","1390",-0.416387668515052
"437","1391",-0.435386772352847
"438","1392",-0.409619792693113
"439","1393",-0.430654351172615
"440","1394",-0.41234436329924
"441","1395",-0.423550781124363
"442","1396",-0.449268252037523
"443","1397",-0.430865429153246
"444","1398",-0.413879549720788
"445","1399",-0.416443156230148
"446","14",-0.440792389149988
"447","140",-0.401036618492004
"448","1400",-0.4335473681701
"449","1401",-0.436388913387537
"450","1402",-0.403381601061503
"451","1403",-0.422976501200938
"452","1404",-0.429538208647181
"453","1405",-0.411295455943345
"454","1406",-0.429645689152745
"455","1407",-0.445148107624754
"456","1408",-0.456842783364439
"457","1409",-0.42647350784857
"458","141",-0.446337245493356
"459","1410",-0.435250784157119
"460","1411",-0.433710168326669
"461","1412",-0.420615535681762
"462","1413",-0.414635425115966
"463","1414",-0.404107145161944
"464","1415",-0.43575634895475
"465","1416",-0.445753119445016
"466","1417",-0.438075085865966
"467","1418",-0.399306873137316
"468","1419",-0.424837574850479
"469","142",-0.404111668141647
"470","1420",-0.426733024424608
"471","1421",-0.417532373611481
"472","1422",-0.431401244410402
"473","1423",-0.438967604426309
"474","1424",-0.424506324700281
"475","1425",-0.407903161632607
"476","1426",-0.40292114849237
"477","1427",-0.426346447308529
"478","1428",-0.43893484952131
"479","1429",-0.431282424689252
"480","143",-0.43702712221706
"481","1430",-0.440090436198539
"482","1431",-0.423242769730098
"483","1432",-0.429712983067161
"484","1433",-0.442273508601005
"485","1434",-0.440679032281806
"486","1435",-0.416971533987036
"487","1436",-0.410518702187442
"488","1437",-0.464943994095163
"489","1438",-0.421952412054066
"490","1439",-0.421363904495653
"491","144",-0.422415238511032
"492","1440",-0.43579723807656
"493","1441",-0.451654973484709
"494","1442",-0.426899438041346
"495","1443",-0.440162796201962
"496","1444",-0.432956752028609
"497","1445",-0.418791314990988
"498","1446",-0.425293286986379
"499","1447",-0.435436201662228
"500","1448",-0.457971977967265
"501","1449",-0.43025711743438
"502","145",-0.436314375758849
"503","1450",-0.401042854504039
"504","1451",-0.418761449053455
"505","1452",-0.411285376978519
"506","1453",-0.430963346819464
"507","1454",-0.426515738093012
"508","1455",-0.433155938178717
"509","1456",-0.454067245102656
"510","1457",-0.456455093280942
"511","1458",-0.427484435823901
"512","1459",-0.446699869408291
"513","146",-0.429690162698596
"514","1460",-0.409280038022314
"515","1461",-0.436440636841827
"516","1462",-0.429352488960518
"517","1463",-0.452910560232841
"518","1464",-0.388543485179652
"519","1465",-0.412844714049328
"520","1466",-0.449007337294195
"521","1467",-0.42463768157239
"522","1468",-0.442519298784251
"523","1469",-0.440107264307372
"524","147",-0.42114431863441
"525","1470",-0.452805890771994
"526","1471",-0.420103592304266
"527","1472",-0.44955483235016
"528","1473",-0.451864178821189
"529","1474",-0.421124251066502
"530","1475",-0.420912066970279
"531","1476",-0.434532379710938
"532","1477",-0.424195414065868
"533","1478",-0.414026102005071
"534","1479",-0.420501770879732
"535","148",-0.466084674304272
"536","1480",-0.395045250620314
"537","1481",-0.410020267838305
"538","1482",-0.450227545823732
"539","1483",-0.436257908606249
"540","1484",-0.384727829459091
"541","1485",-0.425531887058865
"542","1486",-0.411548511779897
"543","1487",-0.466052223600245
"544","1488",-0.444963105561847
"545","1489",-0.436556840634034
"546","149",-0.42125801226567
"547","1490",-0.416050584445918
"548","1491",-0.411841210196671
"549","1492",-0.423782784574724
"550","1493",-0.425131550839197
"551","1494",-0.414690850279612
"552","1495",-0.429183111526974
"553","1496",-0.40901731345777
"554","1497",-0.420374198311815
"555","1498",-0.443297842453378
"556","1499",-0.426312610867271
"557","15",-0.420006740333804
"558","150",-0.394349485856265
"559","1500",-0.42863650262944
"560","1501",-0.440292788311052
"561","1502",-0.447051553922313
"562","1503",-0.41933824685186
"563","1504",-0.463199671080638
"564","1505",-0.450885988557218
"565","1506",-0.40135127069195
"566","1507",-0.410148052011404
"567","1508",-0.403573853582637
"568","1509",-0.388002687598249
"569","151",-0.43148875272668
"570","1510",-0.417151867226506
"571","1511",-0.428410771856117
"572","1512",-0.392160087861281
"573","1513",-0.391776234041501
"574","1514",-0.433448131088374
"575","1515",-0.46253302661253
"576","1516",-0.421659526510565
"577","1517",-0.436125046544944
"578","1518",-0.436695152771938
"579","1519",-0.423111337507526
"580","152",-0.419986898709226
"581","1520",-0.417315629444414
"582","1521",-0.453271027496519
"583","1522",-0.420893469809745
"584","1523",-0.435756439848076
"585","1524",-0.426270828854506
"586","1525",-0.422749335801787
"587","1526",-0.420643386284587
"588","1527",-0.421532441875694
"589","1528",-0.414467343670809
"590","1529",-0.393921466343905
"591","153",-0.440699186029498
"592","1530",-0.457234226248372
"593","1531",-0.430338876230804
"594","1532",-0.45164335218269
"595","1533",-0.469539621973229
"596","1534",-0.452129460915549
"597","1535",-0.426640268605706
"598","1536",-0.430447669995543
"599","1537",-0.429785525412237
"600","1538",-0.40273137798396
"601","1539",-0.428026833743101
"602","154",-0.401449929656267
"603","1540",-0.39847114566191
"604","1541",-0.445627686320371
"605","1542",-0.425605861305942
"606","1543",-0.42468644806697
"607","1544",-0.390110372607269
"608","1545",-0.42125902692225
"609","1546",-0.422400876045513
"610","1547",-0.462553340783072
"611","1548",-0.397236367045867
"612","1549",-0.428827816753445
"613","155",-0.454989510466933
"614","1550",-0.433765717960937
"615","1551",-0.443459314707163
"616","1552",-0.389598941331912
"617","1553",-0.423761701622057
"618","1554",-0.411373176798467
"619","1555",-0.391876482522369
"620","1556",-0.435005725505503
"621","1557",-0.430258660105104
"622","1558",-0.442868199669114
"623","1559",-0.45905750715662
"624","156",-0.408779229753265
"625","1560",-0.397559818578768
"626","1561",-0.424611569953807
"627","1562",-0.458845576518539
"628","1563",-0.433136067864004
"629","1564",-0.408144800572683
"630","1565",-0.41801618758294
"631","1566",-0.439534635804446
"632","1567",-0.406472210684927
"633","1568",-0.412963036591537
"634","1569",-0.426228304584158
"635","157",-0.443679515704506
"636","1570",-0.418381019113686
"637","1571",-0.432574044598646
"638","1572",-0.411128579814496
"639","1573",-0.408462788008256
"640","1574",-0.388842922698663
"641","1575",-0.450741536370468
"642","1576",-0.430675684902837
"643","1577",-0.447966997267986
"644","1578",-0.442717603466494
"645","1579",-0.446112784239631
"646","158",-0.446044340431879
"647","1580",-0.387868394489405
"648","1581",-0.452728983873817
"649","1582",-0.403318085638351
"650","1583",-0.436600075346048
"651","1584",-0.430617373863693
"652","1585",-0.436824893245067
"653","1586",-0.445316776150427
"654","1587",-0.433649558944798
"655","1588",-0.443551856515837
"656","1589",-0.415579100860372
"657","159",-0.42526897097198
"658","1590",-0.433835273132345
"659","1591",-0.407914605854791
"660","1592",-0.437335336668881
"661","1593",-0.401896383390654
"662","1594",-0.384756849204632
"663","1595",-0.42403611667168
"664","1596",-0.430955666898572
"665","1597",-0.446993442627526
"666","1598",-0.465940591564785
"667","1599",-0.438870789343362
"668","16",-0.418293152816821
"669","160",-0.453198692952034
"670","1600",-0.431557467271138
"671","1601",-0.418152296013649
"672","1602",-0.384492902790989
"673","1603",-0.461682963666853
"674","1604",-0.447034576968708
"675","1605",-0.423500308574854
"676","1606",-0.453892159004329
"677","1607",-0.481241535667579
"678","1608",-0.425114588576869
"679","1609",-0.434552692425984
"680","161",-0.401633306152373
"681","1610",-0.418195188354775
"682","1611",-0.454141738059984
"683","1612",-0.427282253919133
"684","1613",-0.438623820966616
"685","1614",-0.429464118848689
"686","1615",-0.428787478084789
"687","1616",-0.463106751200932
"688","1617",-0.394672460518236
"689","1618",-0.430749754827251
"690","1619",-0.429633870665955
"691","162",-0.427413720088038
"692","1620",-0.428572510399049
"693","1621",-0.379188497426897
"694","1622",-0.414576721010557
"695","1623",-0.423446322782658
"696","1624",-0.43501459482631
"697","1625",-0.40949135955103
"698","1626",-0.400610765383048
"699","1627",-0.438030808192854
"700","1628",-0.446276019694688
"701","1629",-0.411432615638962
"702","163",-0.452877552011289
"703","1630",-0.45339854499838
"704","1631",-0.456362204914439
"705","1632",-0.408413872202926
"706","1633",-0.419918404722931
"707","1634",-0.439845077761435
"708","1635",-0.438172776440739
"709","1636",-0.416613961895508
"710","1637",-0.434378086746282
"711","1638",-0.447912504311297
"712","1639",-0.430801701942718
"713","164",-0.430335406431021
"714","1640",-0.425923432251369
"715","1641",-0.426037308365003
"716","1642",-0.421346424892362
"717","1643",-0.437720492862468
"718","1644",-0.423718970539943
"719","1645",-0.399158366543023
"720","1646",-0.419448105308653
"721","1647",-0.416553753264875
"722","1648",-0.406147352110474
"723","1649",-0.369549003814612
"724","165",-0.444822357552063
"725","1650",-0.434712958351227
"726","1651",-0.400569985204696
"727","1652",-0.421115535312696
"728","1653",-0.427170923485266
"729","1654",-0.475210038680563
"730","1655",-0.432090235064502
"731","1656",-0.376857955903155
"732","1657",-0.430828202166109
"733","1658",-0.420626532237953
"734","1659",-0.429299079631305
"735","166",-0.441596615780217
"736","1660",-0.455375773216628
"737","1661",-0.427312256562123
"738","1662",-0.406659074152608
"739","1663",-0.400768835823527
"740","1664",-0.447545865976517
"741","1665",-0.415021079152661
"742","1666",-0.457713962331846
"743","1667",-0.416226495571229
"744","1668",-0.443663927565997
"745","1669",-0.423332610102486
"746","167",-0.426435478798869
"747","1670",-0.419002152415593
"748","1671",-0.404428251437375
"749","1672",-0.40477371140164
"750","1673",-0.421861023832676
"751","1674",-0.43565103677495
"752","1675",-0.406225243617544
"753","1676",-0.447651543780388
"754","1677",-0.454417779474006
"755","1678",-0.425034485875606
"756","1679",-0.417137750987458
"757","168",-0.423265301386954
"758","1680",-0.446356260631583
"759","1681",-0.435309686819085
"760","1682",-0.4162471501372
"761","1683",-0.418155917121196
"762","1684",-0.416732352843953
"763","1685",-0.418833865365118
"764","1686",-0.451440809850248
"765","1687",-0.430451013410973
"766","1688",-0.422750828759126
"767","1689",-0.433980189900684
"768","169",-0.430308096429787
"769","1690",-0.446121066956534
"770","1691",-0.40616201693949
"771","1692",-0.415207944322934
"772","1693",-0.405858840147714
"773","1694",-0.460415725305425
"774","1695",-0.403805067888422
"775","1696",-0.421523634590231
"776","1697",-0.434188712243943
"777","1698",-0.438430299655078
"778","1699",-0.426991584904681
"779","17",-0.465475851646742
"780","170",-0.413731341166966
"781","1700",-0.418201919893969
"782","1701",-0.39572848029085
"783","1702",-0.450728273406447
"784","1703",-0.446995944757725
"785","1704",-0.428853454397292
"786","1705",-0.426858169789713
"787","1706",-0.444387202390367
"788","1707",-0.42257608714178
"789","1708",-0.441398540454972
"790","1709",-0.415472181967693
"791","171",-0.460449518580716
"792","1710",-0.417187457605968
"793","1711",-0.45476660980328
"794","1712",-0.446766835303668
"795","1713",-0.455207213636005
"796","1714",-0.457772483665004
"797","1715",-0.392870653650319
"798","1716",-0.423839084351138
"799","1717",-0.449963186136197
"800","1718",-0.426415546287529
"801","1719",-0.386259366888376
"802","172",-0.411908815690241
"803","1720",-0.417600144131115
"804","1721",-0.453023773656672
"805","1722",-0.398662754473851
"806","1723",-0.429605746477655
"807","1724",-0.438392660585283
"808","1725",-0.438983068041581
"809","1726",-0.418843842179483
"810","1727",-0.458486726184344
"811","1728",-0.422766920304306
"812","1729",-0.42675333791312
"813","173",-0.445183563938923
"814","1730",-0.408757542033323
"815","1731",-0.394741415203873
"816","1732",-0.442700388668134
"817","1733",-0.422726386700114
"818","1734",-0.415573005496323
"819","1735",-0.437415664796296
"820","1736",-0.448609007802869
"821","1737",-0.428349161447428
"822","1738",-0.424916790593223
"823","1739",-0.433528236321903
"824","174",-0.410315786175665
"825","1740",-0.397766597810004
"826","1741",-0.467802951394707
"827","1742",-0.405361180690324
"828","1743",-0.445977175113155
"829","1744",-0.437237388175378
"830","1745",-0.441792726738393
"831","1746",-0.393861645374693
"832","1747",-0.423983243396648
"833","1748",-0.445665420278327
"834","1749",-0.432047917280889
"835","175",-0.463706579751096
"836","1750",-0.461319175435912
"837","1751",-0.435710002954137
"838","1752",-0.411369128032131
"839","1753",-0.431163816511097
"840","1754",-0.459461318082953
"841","1755",-0.416077451222594
"842","1756",-0.406487527316393
"843","1757",-0.432798911948976
"844","1758",-0.392190228100311
"845","1759",-0.420655486010232
"846","176",-0.4302524197672
"847","1760",-0.416284936210638
"848","1761",-0.431802988872313
"849","1762",-0.450145369958249
"850","1763",-0.461190346870578
"851","1764",-0.422642843844299
"852","1765",-0.458363434108941
"853","1766",-0.467083096906406
"854","1767",-0.440689212618866
"855","1768",-0.414536519064186
"856","1769",-0.426509412667408
"857","177",-0.423624637147446
"858","1770",-0.41745064548163
"859","1771",-0.464558333497449
"860","1772",-0.422684177850935
"861","1773",-0.411360906351929
"862","1774",-0.395958062291614
"863","1775",-0.428026482155335
"864","1776",-0.446694143544199
"865","1777",-0.425987919926549
"866","1778",-0.409947448686327
"867","1779",-0.412965888692294
"868","178",-0.415516190018379
"869","1780",-0.410869428031477
"870","1781",-0.412342344903802
"871","1782",-0.484088898863813
"872","1783",-0.446294770378072
"873","1784",-0.428408845400447
"874","1785",-0.424444517383057
"875","1786",-0.399234845915761
"876","1787",-0.429002393502093
"877","1788",-0.41252033318413
"878","1789",-0.436470405265124
"879","179",-0.41204195056738
"880","1790",-0.427687585534454
"881","1791",-0.380801127168156
"882","1792",-0.408036507344111
"883","1793",-0.433982339101046
"884","1794",-0.423448038285891
"885","1795",-0.409232280043033
"886","1796",-0.427675475527717
"887","1797",-0.41357982631583
"888","1798",-0.421410182166665
"889","1799",-0.422552364282677
"890","18",-0.440169313796845
"891","180",-0.431030303207768
"892","1800",-0.410942752997293
"893","1801",-0.431893949791944
"894","1802",-0.428585798222432
"895","1803",-0.453752678544761
"896","1804",-0.419887845521287
"897","1805",-0.424486139191665
"898","1806",-0.410681757041662
"899","1807",-0.445342867511939
"900","1808",-0.417418973856754
"901","1809",-0.403468972750009
"902","181",-0.422616695390696
"903","1810",-0.434838975044568
"904","1811",-0.392554041641962
"905","1812",-0.42318559067647
"906","1813",-0.440384114690644
"907","1814",-0.427252098591639
"908","1815",-0.462501263160861
"909","1816",-0.444033219665997
"910","1817",-0.464058319041828
"911","1818",-0.455639695807386
"912","1819",-0.419443273185445
"913","182",-0.446660271220535
"914","1820",-0.439857732824587
"915","1821",-0.427613958999275
"916","1822",-0.450324043945713
"917","1823",-0.441124016951551
"918","1824",-0.426346122362745
"919","1825",-0.430662343561192
"920","1826",-0.406778520497839
"921","1827",-0.430866251053421
"922","1828",-0.442676611683992
"923","1829",-0.427171681617762
"924","183",-0.405089677023111
"925","1830",-0.441928815067291
"926","1831",-0.426151805640312
"927","1832",-0.453584277466907
"928","1833",-0.42140855835824
"929","1834",-0.441125462373307
"930","1835",-0.407506517798792
"931","1836",-0.400597875230886
"932","1837",-0.448290513360236
"933","1838",-0.446137325050488
"934","1839",-0.448651080306104
"935","184",-0.469081961839258
"936","1840",-0.470814166761364
"937","1841",-0.46244704570262
"938","1842",-0.417520430900251
"939","1843",-0.459975203957544
"940","1844",-0.416843732408111
"941","1845",-0.424024267525602
"942","1846",-0.417518867404476
"943","1847",-0.391164327842915
"944","1848",-0.414456815393923
"945","1849",-0.441525431268381
"946","185",-0.387152442996862
"947","1850",-0.406478800954528
"948","1851",-0.421908946222415
"949","1852",-0.42805013756254
"950","1853",-0.442764290443198
"951","1854",-0.419767117413199
"952","1855",-0.401061786632082
"953","1856",-0.401469817931177
"954","1857",-0.42577473682285
"955","1858",-0.39517790236396
"956","1859",-0.460708994809228
"957","186",-0.421593874372381
"958","1860",-0.440840516849301
"959","1861",-0.451846486301748
"960","1862",-0.401998929641626
"961","1863",-0.433288165085499
"962","1864",-0.399512071150046
"963","1865",-0.467100459092273
"964","1866",-0.429109025396856
"965","1867",-0.439778073999398
"966","1868",-0.420190914769601
"967","1869",-0.452329613778384
"968","187",-0.411275932057827
"969","1870",-0.426527967392132
"970","1871",-0.449449548970507
"971","1872",-0.431554589721256
"972","1873",-0.442332121691397
"973","1874",-0.424904170458745
"974","1875",-0.442639636250309
"975","1876",-0.411572663505508
"976","1877",-0.410879216806152
"977","1878",-0.428335854586887
"978","1879",-0.45423790483313
"979","188",-0.446525807762786
"980","1880",-0.421080238474338
"981","1881",-0.445047913745903
"982","1882",-0.402103025431414
"983","1883",-0.426856531483669
"984","1884",-0.434642666259002
"985","1885",-0.431551151746391
"986","1886",-0.429390135218971
"987","1887",-0.455829733511467
"988","1888",-0.42880737173306
"989","1889",-0.421157477072422
"990","189",-0.433709819071178
"991","1890",-0.431479905472496
"992","1891",-0.450617487617301
"993","1892",-0.420867163600644
"994","1893",-0.450150903459267
"995","1894",-0.447965092998115
"996","1895",-0.448606549590194
"997","1896",-0.437005222294621
"998","1897",-0.439173150236179
"999","1898",-0.40872069214995
"1000","1899",-0.432946201657377
"1001","19",-0.427734082194211
"1002","190",-0.431272032674126
"1003","1900",-0.412284317214204
"1004","1901",-0.4042044908225
"1005","1902",-0.391994624467587
"1006","1903",-0.425832713013658
"1007","1904",-0.419949737842816
"1008","1905",-0.417175990384648
"1009","1906",-0.448040544928025
"1010","1907",-0.411754586573346
"1011","1908",-0.394471991432937
"1012","1909",-0.427542011801153
"1013","191",-0.43842725242819
"1014","1910",-0.426874029645138
"1015","1911",-0.416057136858856
"1016","1912",-0.415419476884383
"1017","1913",-0.454772966988172
"1018","1914",-0.425349228223813
"1019","1915",-0.462842832752212
"1020","1916",-0.412008214108933
"1021","1917",-0.430135098671564
"1022","1918",-0.378742510675291
"1023","1919",-0.437607357949622
"1024","192",-0.405271075829863
"1025","1920",-0.432170652023131
"1026","1921",-0.429589592754325
"1027","1922",-0.434870228804404
"1028","1923",-0.375692493067232
"1029","1924",-0.412690339542925
"1030","1925",-0.418384098899232
"1031","1926",-0.436008054306547
"1032","1927",-0.446048514957745
"1033","1928",-0.401089349834857
"1034","1929",-0.453693290311385
"1035","193",-0.41949955415687
"1036","1930",-0.427310919584157
"1037","1931",-0.415580802512663
"1038","1932",-0.415088302138386
"1039","1933",-0.450277102373439
"1040","1934",-0.445545322711651
"1041","1935",-0.4184293460708
"1042","1936",-0.425327808664618
"1043","1937",-0.435667554302713
"1044","1938",-0.417150189858846
"1045","1939",-0.425221237540676
"1046","194",-0.437007148666976
"1047","1940",-0.415643410915649
"1048","1941",-0.458492101280687
"1049","1942",-0.444032243552877
"1050","1943",-0.410246852384527
"1051","1944",-0.412838425110334
"1052","1945",-0.421884903005454
"1053","1946",-0.436026689838906
"1054","1947",-0.438806644881164
"1055","1948",-0.411328010003594
"1056","1949",-0.434337847971148
"1057","195",-0.423359504036833
"1058","1950",-0.440659693674457
"1059","1951",-0.411766968874684
"1060","1952",-0.421751818077961
"1061","1953",-0.410651163845017
"1062","1954",-0.43216611767992
"1063","1955",-0.44222438841581
"1064","1956",-0.4283684609049
"1065","1957",-0.42967539760371
"1066","1958",-0.418891852771748
"1067","1959",-0.416937006257933
"1068","196",-0.427090479443042
"1069","1960",-0.423743970379133
"1070","1961",-0.388053505737504
"1071","1962",-0.437292861980461
"1072","1963",-0.422473780579938
"1073","1964",-0.452408317261531
"1074","1965",-0.416715755314705
"1075","1966",-0.449907096388154
"1076","1967",-0.431720643282232
"1077","1968",-0.477742278465042
"1078","1969",-0.429193717447631
"1079","197",-0.43787184153627
"1080","1970",-0.43123321813047
"1081","1971",-0.427605153535552
"1082","1972",-0.413958077030966
"1083","1973",-0.417784613364132
"1084","1974",-0.433336841224754
"1085","1975",-0.404431777424226
"1086","1976",-0.444510416248525
"1087","1977",-0.417614242915971
"1088","1978",-0.427111524284875
"1089","1979",-0.405786739761235
"1090","198",-0.435628463261802
"1091","1980",-0.440406835406553
"1092","1981",-0.402645675307948
"1093","1982",-0.447319011791315
"1094","1983",-0.415328864447763
"1095","1984",-0.420162578018166
"1096","1985",-0.397569504555561
"1097","1986",-0.432581952920342
"1098","1987",-0.41789389818612
"1099","1988",-0.418057191783087
"1100","1989",-0.407371274587831
"1101","199",-0.420288536206128
"1102","1990",-0.422501674905525
"1103","1991",-0.429057991204046
"1104","1992",-0.41748127524877
"1105","1993",-0.409598381511235
"1106","1994",-0.401457445060821
"1107","1995",-0.448201524724866
"1108","1996",-0.43593445852934
"1109","1997",-0.429676832460191
"1110","1998",-0.401382586860591
"1111","1999",-0.411784042563043
"1112","2",-0.411101624629672
"1113","20",-0.395229083622603
"1114","200",-0.430857515875244
"1115","2000",-0.417124164339612
"1116","201",-0.410633955211094
"1117","202",-0.416726009366483
"1118","203",-0.424093832470174
"1119","204",-0.45051793871605
"1120","205",-0.429726304773881
"1121","206",-0.445142219381251
"1122","207",-0.420176447051828
"1123","208",-0.418264438546648
"1124","209",-0.435747830504083
"1125","21",-0.420651010502349
"1126","210",-0.439290348174375
"1127","211",-0.404575777021969
"1128","212",-0.406820389729508
"1129","213",-0.410445139238848
"1130","214",-0.430658954832236
"1131","215",-0.435452534269657
"1132","216",-0.444170138782237
"1133","217",-0.441944986136503
"1134","218",-0.449046308174814
"1135","219",-0.409766657182526
"1136","22",-0.421942234415222
"1137","220",-0.418011987136167
"1138","221",-0.424919218765062
"1139","222",-0.413672976766331
"1140","223",-0.427323277339631
"1141","224",-0.42863637904938
"1142","225",-0.422420014873676
"1143","226",-0.441091495003902
"1144","227",-0.432988615386845
"1145","228",-0.449804614934878
"1146","229",-0.410894501642933
"1147","23",-0.427810732033741
"1148","230",-0.410536496825216
"1149","231",-0.454769117051613
"1150","232",-0.443978722649288
"1151","233",-0.423288783270075
"1152","234",-0.427937251704929
"1153","235",-0.429101464342221
"1154","236",-0.433034090772752
"1155","237",-0.430253026699557
"1156","238",-0.450635026975855
"1157","239",-0.392616130634629
"1158","24",-0.416497858864024
"1159","240",-0.429651131896486
"1160","241",-0.444625993325385
"1161","242",-0.428380631463285
"1162","243",-0.432996825590121
"1163","244",-0.436239148093573
"1164","245",-0.422484350963269
"1165","246",-0.446885187471036
"1166","247",-0.412601215540904
"1167","248",-0.420018075102648
"1168","249",-0.445290033418828
"1169","25",-0.429454406478537
"1170","250",-0.408318780188421
"1171","251",-0.460709075628214
"1172","252",-0.425321120993999
"1173","253",-0.402977721521926
"1174","254",-0.379659933832473
"1175","255",-0.424516934332752
"1176","256",-0.4063110336282
"1177","257",-0.425360317001836
"1178","258",-0.440937563169947
"1179","259",-0.44074206896548
"1180","26",-0.460480266839792
"1181","260",-0.418505524551784
"1182","261",-0.44141415170527
"1183","262",-0.432427767265001
"1184","263",-0.436869999933673
"1185","264",-0.466187992597438
"1186","265",-0.437305750334321
"1187","266",-0.404774522074741
"1188","267",-0.42383387921297
"1189","268",-0.420819390308079
"1190","269",-0.451375777581159
"1191","27",-0.44271500015467
"1192","270",-0.438913594950199
"1193","271",-0.474993411807404
"1194","272",-0.427133580567216
"1195","273",-0.431106204204231
"1196","274",-0.42346937847417
"1197","275",-0.400670454301443
"1198","276",-0.452224410644472
"1199","277",-0.420578221892876
"1200","278",-0.42537845384774
"1201","279",-0.398037147630077
"1202","28",-0.413616692271489
"1203","280",-0.417848085345494
"1204","281",-0.431741513067535
"1205","282",-0.400022511112858
"1206","283",-0.442893536337757
"1207","284",-0.447466821721506
"1208","285",-0.431233965592446
"1209","286",-0.453297789773139
"1210","287",-0.415595005053676
"1211","288",-0.422168014958809
"1212","289",-0.433685610918718
"1213","29",-0.395105572411204
"1214","290",-0.42624427420718
"1215","291",-0.414995257976794
"1216","292",-0.440311666031759
"1217","293",-0.430816775374054
"1218","294",-0.44997767630508
"1219","295",-0.439384922310801
"1220","296",-0.392677355910132
"1221","297",-0.449717517408399
"1222","298",-0.42096443422511
"1223","299",-0.416827311120958
"1224","3",-0.4135334519747
"1225","30",-0.444103664485334
"1226","300",-0.41597638056108
"1227","301",-0.380459800376474
"1228","302",-0.450465484771478
"1229","303",-0.437436554308535
"1230","304",-0.416626622970115
"1231","305",-0.407522801910645
"1232","306",-0.429554773032645
"1233","307",-0.433355428937197
"1234","308",-0.415016328837059
"1235","309",-0.424061862603461
"1236","31",-0.431832096529791
"1237","310",-0.472185745394248
"1238","311",-0.441308180560449
"1239","312",-0.450014364539261
"1240","313",-0.427255955342421
"1241","314",-0.433223352579048
"1242","315",-0.433480831943629
"1243","316",-0.433937591030617
"1244","317",-0.422661554156691
"1245","318",-0.4026728617066
"1246","319",-0.420877406226409
"1247","32",-0.446320979089517
"1248","320",-0.42645386551051
"1249","321",-0.399340633737505
"1250","322",-0.419695568642543
"1251","323",-0.443388770078783
"1252","324",-0.407186249804845
"1253","325",-0.418602935966904
"1254","326",-0.403413605451649
"1255","327",-0.425064608677697
"1256","328",-0.43252317108004
"1257","329",-0.38668105538142
"1258","33",-0.447333667284528
"1259","330",-0.420125051275933
"1260","331",-0.446177631652488
"1261","332",-0.448083851083823
"1262","333",-0.435236433889726
"1263","334",-0.415113505748329
"1264","335",-0.449413809703867
"1265","336",-0.412844233857036
"1266","337",-0.385061933064919
"1267","338",-0.435974384487122
"1268","339",-0.415693716268736
"1269","34",-0.3959113658836
"1270","340",-0.419636750784957
"1271","341",-0.428502727903116
"1272","342",-0.437145053810478
"1273","343",-0.390616975097765
"1274","344",-0.434700723812301
"1275","345",-0.41948423136354
"1276","346",-0.40614654010674
"1277","347",-0.428222678862357
"1278","348",-0.407152495520065
"1279","349",-0.433342989375604
"1280","35",-0.43346659680893
"1281","350",-0.45072677422297
"1282","351",-0.431053750765368
"1283","352",-0.41801064347594
"1284","353",-0.407702977904102
"1285","354",-0.423346051156805
"1286","355",-0.410477987344935
"1287","356",-0.423294218397878
"1288","357",-0.445226467516414
"1289","358",-0.445080983102709
"1290","359",-0.438964208275923
"1291","36",-0.439041600467877
"1292","360",-0.433517703297951
"1293","361",-0.398225741547754
"1294","362",-0.44070970592123
"1295","363",-0.418263066009803
"1296","364",-0.456591116561934
"1297","365",-0.415321424299983
"1298","366",-0.437603302073168
"1299","367",-0.416458724694217
"1300","368",-0.40712356858051
"1301","369",-0.414087766239933
"1302","37",-0.439642734560277
"1303","370",-0.419830812606383
"1304","371",-0.435258363027566
"1305","372",-0.448876500895545
"1306","373",-0.487577150573535
"1307","374",-0.44708105916124
"1308","375",-0.43212026263218
"1309","376",-0.425218905394028
"1310","377",-0.411103737740978
"1311","378",-0.419763183164965
"1312","379",-0.408827051755998
"1313","38",-0.448371888524958
"1314","380",-0.428463524883536
"1315","381",-0.43928203036197
"1316","382",-0.411461846476023
"1317","383",-0.455820956563766
"1318","384",-0.444452543081651
"1319","385",-0.412590597883308
"1320","386",-0.449205619299473
"1321","387",-0.423256912579705
"1322","388",-0.475337902837205
"1323","389",-0.444693761275726
"1324","39",-0.440679747435644
"1325","390",-0.44129476759733
"1326","391",-0.424044896609928
"1327","392",-0.415585030496533
"1328","393",-0.417686650971873
"1329","394",-0.415127849406969
"1330","395",-0.411564178074552
"1331","396",-0.409320251758758
"1332","397",-0.404748609175038
"1333","398",-0.404371257776004
"1334","399",-0.432074055355649
"1335","4",-0.444692716479461
"1336","40",-0.419702171477659
"1337","400",-0.427138414237311
"1338","401",-0.410481169403761
"1339","402",-0.437403462407483
"1340","403",-0.40932886334266
"1341","404",-0.436845647588518
"1342","405",-0.435785324559822
"1343","406",-0.425323491385729
"1344","407",-0.456073084577749
"1345","408",-0.424344138571726
"1346","409",-0.421141342440759
"1347","41",-0.431483170824475
"1348","410",-0.412360385736269
"1349","411",-0.417028117829973
"1350","412",-0.419881700211472
"1351","413",-0.426291578220131
"1352","414",-0.404933588839204
"1353","415",-0.419056732286663
"1354","416",-0.4368424424433
"1355","417",-0.423123933187835
"1356","418",-0.418123257871332
"1357","419",-0.432122377378289
"1358","42",-0.398842312192214
"1359","420",-0.41043831317963
"1360","421",-0.411417270683001
"1361","422",-0.43203176432503
"1362","423",-0.440289558327323
"1363","424",-0.424349339016489
"1364","425",-0.423359432911619
"1365","426",-0.449677371268181
"1366","427",-0.438593245711835
"1367","428",-0.393372231920529
"1368","429",-0.408915548545686
"1369","43",-0.431773566998497
"1370","430",-0.410239428383691
"1371","431",-0.4159516158265
"1372","432",-0.455123019686997
"1373","433",-0.42102764224104
"1374","434",-0.446617481342207
"1375","435",-0.434073381816823
"1376","436",-0.429324267964208
"1377","437",-0.425110372750258
"1378","438",-0.423779424549518
"1379","439",-0.444832047726499
"1380","44",-0.431120140745514
"1381","440",-0.413065946923429
"1382","441",-0.424756439460247
"1383","442",-0.440391502662901
"1384","443",-0.439866726660178
"1385","444",-0.439340882129705
"1386","445",-0.407400624306494
"1387","446",-0.424214372075362
"1388","447",-0.394089724805498
"1389","448",-0.430209750765162
"1390","449",-0.44163785966074
"1391","45",-0.425150506150725
"1392","450",-0.457845484575761
"1393","451",-0.418648884598037
"1394","452",-0.461868568196579
"1395","453",-0.413557046346391
"1396","454",-0.419575071476756
"1397","455",-0.413956328392157
"1398","456",-0.427638561612869
"1399","457",-0.434341148820484
"1400","458",-0.440999878959097
"1401","459",-0.434046693027584
"1402","46",-0.400678119501668
"1403","460",-0.425103979186826
"1404","461",-0.410977090698014
"1405","462",-0.443956042740563
"1406","463",-0.392790224469745
"1407","464",-0.413864388700014
"1408","465",-0.406180133017109
"1409","466",-0.453056657999492
"1410","467",-0.405323931613218
"1411","468",-0.401960412278806
"1412","469",-0.399209086689085
"1413","47",-0.384530861093331
"1414","470",-0.410120776991977
"1415","471",-0.435912018128294
"1416","472",-0.45253190459584
"1417","473",-0.440741268200895
"1418","474",-0.456679087637222
"1419","475",-0.39482619094749
"1420","476",-0.404052677046497
"1421","477",-0.432010323644662
"1422","478",-0.45535291823356
"1423","479",-0.42725651344822
"1424","48",-0.454968431554017
"1425","480",-0.444500549714954
"1426","481",-0.412317009414464
"1427","482",-0.431797336170209
"1428","483",-0.434725726121127
"1429","484",-0.41411654417263
"1430","485",-0.438010014687755
"1431","486",-0.421456085437474
"1432","487",-0.422766148645649
"1433","488",-0.4138221810083
"1434","489",-0.399805235199335
"1435","49",-0.433291300855757
"1436","490",-0.414068776885658
"1437","491",-0.447816307221587
"1438","492",-0.448147871661409
"1439","493",-0.381688540777158
"1440","494",-0.424178170914811
"1441","495",-0.416607997591805
"1442","496",-0.435310433258324
"1443","497",-0.461274652800012
"1444","498",-0.434683107045978
"1445","499",-0.447782639636422
"1446","5",-0.399011836156374
"1447","50",-0.429265360018518
"1448","500",-0.404220780901424
"1449","501",-0.414147185822057
"1450","502",-0.421722158565071
"1451","503",-0.434704318538829
"1452","504",-0.435201914673505
"1453","505",-0.472059221375297
"1454","506",-0.426541688810324
"1455","507",-0.408800435640895
"1456","508",-0.422568255195748
"1457","509",-0.434002567829985
"1458","51",-0.424033781542754
"1459","510",-0.414214329239238
"1460","511",-0.437999346812148
"1461","512",-0.440000546801643
"1462","513",-0.442436019328038
"1463","514",-0.411914845185961
"1464","515",-0.432993251891477
"1465","516",-0.427473694124537
"1466","517",-0.439336204359982
"1467","518",-0.417342468206872
"1468","519",-0.412690927839915
"1469","52",-0.42836321137183
"1470","520",-0.425442261180619
"1471","521",-0.430675357417866
"1472","522",-0.45286535763687
"1473","523",-0.433770300779655
"1474","524",-0.439586611572284
"1475","525",-0.436300658194963
"1476","526",-0.465594036318016
"1477","527",-0.428186214414889
"1478","528",-0.420035791811032
"1479","529",-0.438714376098764
"1480","53",-0.458866917362002
"1481","530",-0.421676691427341
"1482","531",-0.421344101439518
"1483","532",-0.421385102886763
"1484","533",-0.408645114753338
"1485","534",-0.432250914609378
"1486","535",-0.414657694338533
"1487","536",-0.404767087811303
"1488","537",-0.423752037932264
"1489","538",-0.411767758055899
"1490","539",-0.425185890587868
"1491","54",-0.412958574434685
"1492","540",-0.427090002102084
"1493","541",-0.399431557265215
"1494","542",-0.40214566885395
"1495","543",-0.43981641393145
"1496","544",-0.434673562470164
"1497","545",-0.426498483903554
"1498","546",-0.40234190310751
"1499","547",-0.425800779409998
"1500","548",-0.379065703367759
"1501","549",-0.411723949427546
"1502","55",-0.444618995872128
"1503","550",-0.437708329052477
"1504","551",-0.41897235272447
"1505","552",-0.450908266070434
"1506","553",-0.414957784901216
"1507","554",-0.418107176874533
"1508","555",-0.444937633095286
"1509","556",-0.419159307588359
"1510","557",-0.43448339541493
"1511","558",-0.426040543741451
"1512","559",-0.436151265649252
"1513","56",-0.453217453033802
"1514","560",-0.411039088389651
"1515","561",-0.403908168780461
"1516","562",-0.439161335215325
"1517","563",-0.4513821057436
"1518","564",-0.42638018110763
"1519","565",-0.434542965035436
"1520","566",-0.420897463783426
"1521","567",-0.419470201786391
"1522","568",-0.438993198156927
"1523","569",-0.429809878363472
"1524","57",-0.415945398052533
"1525","570",-0.412972055804732
"1526","571",-0.390014586621621
"1527","572",-0.399461756987069
"1528","573",-0.38603727341776
"1529","574",-0.419179585803131
"1530","575",-0.446716948335655
"1531","576",-0.404020516438799
"1532","577",-0.405078271612285
"1533","578",-0.469834026906159
"1534","579",-0.389526610516773
"1535","58",-0.441292769668172
"1536","580",-0.43988706362549
"1537","581",-0.428967425681854
"1538","582",-0.419659437224578
"1539","583",-0.411402087492174
"1540","584",-0.451619997261872
"1541","585",-0.41947857970127
"1542","586",-0.428690545174151
"1543","587",-0.420858934856931
"1544","588",-0.453283176161219
"1545","589",-0.43141731067337
"1546","59",-0.441062707708228
"1547","590",-0.431161519501708
"1548","591",-0.424173414678496
"1549","592",-0.427694533678229
"1550","593",-0.449802017937906
"1551","594",-0.433614804634238
"1552","595",-0.439804759033364
"1553","596",-0.435039351999961
"1554","597",-0.403437975755166
"1555","598",-0.457342418380664
"1556","599",-0.40804844259632
"1557","6",-0.437798350339124
"1558","60",-0.4318757821086
"1559","600",-0.417859358319864
"1560","601",-0.404494195052794
"1561","602",-0.433568559093304
"1562","603",-0.393107421962094
"1563","604",-0.432183604485268
"1564","605",-0.438864393007254
"1565","606",-0.430626016848184
"1566","607",-0.445962326646567
"1567","608",-0.455500748997416
"1568","609",-0.427250573162167
"1569","61",-0.441963853190908
"1570","610",-0.425218050056003
"1571","611",-0.425183871480484
"1572","612",-0.410244806553731
"1573","613",-0.431563069566107
"1574","614",-0.45017554437393
"1575","615",-0.422961254380321
"1576","616",-0.43569121647729
"1577","617",-0.428314395436719
"1578","618",-0.450064522993726
"1579","619",-0.393584379382537
"1580","62",-0.433742831632382
"1581","620",-0.398508111649416
"1582","621",-0.456939390070832
"1583","622",-0.438230734431047
"1584","623",-0.4280014395487
"1585","624",-0.409182103189116
"1586","625",-0.411647881411562
"1587","626",-0.433055390597794
"1588","627",-0.402174852210682
"1589","628",-0.432485735153095
"1590","629",-0.425178564198661
"1591","63",-0.435515886772593
"1592","630",-0.389392733755123
"1593","631",-0.370476770675275
"1594","632",-0.404836999770664
"1595","633",-0.428303439734212
"1596","634",-0.422285311822967
"1597","635",-0.431578063282758
"1598","636",-0.412768713057454
"1599","637",-0.418470912874893
"1600","638",-0.432183943027287
"1601","639",-0.402654290030728
"1602","64",-0.413640812573197
"1603","640",-0.459873182863475
"1604","641",-0.456244095782433
"1605","642",-0.407621125058664
"1606","643",-0.453181629607776
"1607","644",-0.426460056167388
"1608","645",-0.414961921979645
"1609","646",-0.400166163525291
"1610","647",-0.381870652436241
"1611","648",-0.449928584699035
"1612","649",-0.43438566440002
"1613","65",-0.424969178193124
"1614","650",-0.432924677414606
"1615","651",-0.431628561407188
"1616","652",-0.426445132027002
"1617","653",-0.403336909288533
"1618","654",-0.419213993094684
"1619","655",-0.427382119652702
"1620","656",-0.408855747318867
"1621","657",-0.424392589537925
"1622","658",-0.425988636832829
"1623","659",-0.445403895643357
"1624","66",-0.425162005954952
"1625","660",-0.420175860991107
"1626","661",-0.460549389874102
"1627","662",-0.447690519439902
"1628","663",-0.424566378801874
"1629","664",-0.415709449689884
"1630","665",-0.422500963150744
"1631","666",-0.437192639080638
"1632","667",-0.392535172453246
"1633","668",-0.438411410876632
"1634","669",-0.44715885375117
"1635","67",-0.438603477712074
"1636","670",-0.433545717923391
"1637","671",-0.41308221333449
"1638","672",-0.425022625835268
"1639","673",-0.438262766890303
"1640","674",-0.418763304494247
"1641","675",-0.397162734292385
"1642","676",-0.418176979791875
"1643","677",-0.434430219268349
"1644","678",-0.418845410988772
"1645","679",-0.441762433574794
"1646","68",-0.428931683672087
"1647","680",-0.428642144588501
"1648","681",-0.43886129029449
"1649","682",-0.416483863807396
"1650","683",-0.445950630953864
"1651","684",-0.451719753504308
"1652","685",-0.409698281304726
"1653","686",-0.40536498230359
"1654","687",-0.425523404202225
"1655","688",-0.440471090766313
"1656","689",-0.465783099755481
"1657","69",-0.442263598845579
"1658","690",-0.43139630153936
"1659","691",-0.419739573019615
"1660","692",-0.430334110897568
"1661","693",-0.434023861928531
"1662","694",-0.424973100764307
"1663","695",-0.422697928952273
"1664","696",-0.40554001255651
"1665","697",-0.448298116037023
"1666","698",-0.426629743690357
"1667","699",-0.456922478628524
"1668","7",-0.429062171139087
"1669","70",-0.418132335979461
"1670","700",-0.426701070917823
"1671","701",-0.400742687132135
"1672","702",-0.434568948732862
"1673","703",-0.431509918717035
"1674","704",-0.439486616018919
"1675","705",-0.405231205162784
"1676","706",-0.412544061241099
"1677","707",-0.442759509855958
"1678","708",-0.439063478678569
"1679","709",-0.401474735132803
"1680","71",-0.416268395351059
"1681","710",-0.44117441647175
"1682","711",-0.433687570447673
"1683","712",-0.430981068871542
"1684","713",-0.403123567112778
"1685","714",-0.428460427016202
"1686","715",-0.42375761594856
"1687","716",-0.422081189059192
"1688","717",-0.42988074491729
"1689","718",-0.425458748495259
"1690","719",-0.393853044305433
"1691","72",-0.439776771069581
"1692","720",-0.437391762681247
"1693","721",-0.392135342240442
"1694","722",-0.443730488837037
"1695","723",-0.435360145503603
"1696","724",-0.425699372046137
"1697","725",-0.423297724284019
"1698","726",-0.436456621828968
"1699","727",-0.383602997394084
"1700","728",-0.444674942462064
"1701","729",-0.432165359143001
"1702","73",-0.43763306718554
"1703","730",-0.465244405014756
"1704","731",-0.425143579953071
"1705","732",-0.447052590744788
"1706","733",-0.42048114401253
"1707","734",-0.424647201183809
"1708","735",-0.425684029725917
"1709","736",-0.396768342048549
"1710","737",-0.419047951081439
"1711","738",-0.412001053151387
"1712","739",-0.384488733284546
"1713","74",-0.440521415376708
"1714","740",-0.443996914194288
"1715","741",-0.437702976566227
"1716","742",-0.422359589742663
"1717","743",-0.418100224620261
"1718","744",-0.437063050139103
"1719","745",-0.411642371760951
"1720","746",-0.449155610896216
"1721","747",-0.450980918443769
"1722","748",-0.421455635315983
"1723","749",-0.408467933059051
"1724","75",-0.391090693531384
"1725","750",-0.419172930968827
"1726","751",-0.438211027500461
"1727","752",-0.433748277011212
"1728","753",-0.398709540668
"1729","754",-0.409236640760998
"1730","755",-0.414172023534303
"1731","756",-0.433594433776216
"1732","757",-0.428607490437401
"1733","758",-0.450357050109306
"1734","759",-0.407016572116132
"1735","76",-0.440091878644164
"1736","760",-0.446862151751174
"1737","761",-0.452275796907946
"1738","762",-0.453518229356068
"1739","763",-0.425053889508622
"1740","764",-0.427307941865613
"1741","765",-0.422067267357146
"1742","766",-0.433547209357577
"1743","767",-0.443285227039903
"1744","768",-0.42166385980697
"1745","769",-0.404395501346016
"1746","77",-0.410661330643046
"1747","770",-0.415095721287444
"1748","771",-0.426209854946502
"1749","772",-0.450927943473801
"1750","773",-0.439475401169164
"1751","774",-0.411903282436045
"1752","775",-0.428322889978576
"1753","776",-0.408677860218168
"1754","777",-0.433731214619618
"1755","778",-0.46319595870125
"1756","779",-0.419178697469583
"1757","78",-0.410439189086333
"1758","780",-0.426573219791729
"1759","781",-0.43451454176864
"1760","782",-0.426947907167899
"1761","783",-0.416238861541148
"1762","784",-0.461710069342335
"1763","785",-0.410971653942161
"1764","786",-0.402347411644049
"1765","787",-0.411741632788389
"1766","788",-0.413226065324659
"1767","789",-0.404424242832874
"1768","79",-0.416395833672709
"1769","790",-0.427912005971456
"1770","791",-0.419926766521088
"1771","792",-0.439516481740882
"1772","793",-0.402779167291323
"1773","794",-0.428820295871443
"1774","795",-0.436166049833324
"1775","796",-0.443620761375966
"1776","797",-0.425867462485864
"1777","798",-0.434037953854057
"1778","799",-0.431684658758612
"1779","8",-0.44517283749178
"1780","80",-0.435007506215981
"1781","800",-0.473143600051926
"1782","801",-0.440004379320295
"1783","802",-0.424878832357475
"1784","803",-0.421477025724126
"1785","804",-0.425755296358041
"1786","805",-0.439399066235298
"1787","806",-0.411420530540992
"1788","807",-0.416772332705672
"1789","808",-0.434664993272288
"1790","809",-0.405645790219257
"1791","81",-0.425915855754206
"1792","810",-0.366244831649796
"1793","811",-0.40890373522285
"1794","812",-0.383067188066971
"1795","813",-0.403740755661868
"1796","814",-0.425101349152301
"1797","815",-0.396861403833374
"1798","816",-0.403094807201699
"1799","817",-0.405254082508558
"1800","818",-0.416212058862332
"1801","819",-0.432753364930228
"1802","82",-0.43301254512979
"1803","820",-0.386230429770382
"1804","821",-0.448375804670775
"1805","822",-0.433761514558582
"1806","823",-0.441368701293888
"1807","824",-0.410519743196579
"1808","825",-0.436993794207562
"1809","826",-0.443611749509538
"1810","827",-0.418188315542063
"1811","828",-0.424716360785191
"1812","829",-0.433434058299066
"1813","83",-0.406195794893523
"1814","830",-0.429201440848097
"1815","831",-0.435346261398428
"1816","832",-0.428978730365999
"1817","833",-0.463095001532256
"1818","834",-0.452151976331956
"1819","835",-0.421064435815155
"1820","836",-0.436040861743317
"1821","837",-0.420883689889135
"1822","838",-0.408095630611042
"1823","839",-0.431115413369943
"1824","84",-0.437510458153829
"1825","840",-0.424839852076981
"1826","841",-0.412548238078264
"1827","842",-0.469012690437972
"1828","843",-0.433652456552498
"1829","844",-0.440554900121717
"1830","845",-0.389166932322995
"1831","846",-0.457355363395585
"1832","847",-0.430641259518617
"1833","848",-0.446006557406976
"1834","849",-0.405793129373766
"1835","85",-0.445135174257217
"1836","850",-0.419667417196908
"1837","851",-0.442150514371028
"1838","852",-0.430211886022885
"1839","853",-0.408175302210289
"1840","854",-0.433382145142134
"1841","855",-0.410460495100465
"1842","856",-0.415428259697223
"1843","857",-0.425326764531844
"1844","858",-0.424997650974896
"1845","859",-0.427187354956956
"1846","86",-0.45507233660025
"1847","860",-0.425882648016141
"1848","861",-0.407286341518884
"1849","862",-0.396921721805858
"1850","863",-0.439277157223371
"1851","864",-0.439390911300519
"1852","865",-0.436134757048526
"1853","866",-0.411509358280205
"1854","867",-0.437601933646416
"1855","868",-0.41870881658433
"1856","869",-0.395625608459716
"1857","87",-0.433029920467744
"1858","870",-0.444964016342574
"1859","871",-0.416174286373581
"1860","872",-0.446840852016733
"1861","873",-0.421759150098543
"1862","874",-0.455269035551809
"1863","875",-0.450350410418613
"1864","876",-0.432831266619023
"1865","877",-0.465946422670011
"1866","878",-0.411832759378682
"1867","879",-0.419228259140539
"1868","88",-0.43144479451476
"1869","880",-0.415307500819459
"1870","881",-0.395839384300938
"1871","882",-0.423473851328335
"1872","883",-0.423454526382382
"1873","884",-0.420578712589611
"1874","885",-0.430592281825903
"1875","886",-0.41250291346574
"1876","887",-0.408254344976617
"1877","888",-0.461824649539543
"1878","889",-0.436584832727506
"1879","89",-0.438796540635193
"1880","890",-0.420212422407873
"1881","891",-0.400822436139607
"1882","892",-0.451451347562654
"1883","893",-0.411262887792836
"1884","894",-0.429113272630903
"1885","895",-0.390482647914417
"1886","896",-0.422671327176181
"1887","897",-0.474258848380489
"1888","898",-0.437058893679829
"1889","899",-0.404318563436141
"1890","9",-0.423891494685583
"1891","90",-0.412467257159684
"1892","900",-0.412220388688463
"1893","901",-0.425436047293418
"1894","902",-0.405446741773231
"1895","903",-0.410456697517411
"1896","904",-0.457253562892763
"1897","905",-0.415701755946499
"1898","906",-0.447225713543026
"1899","907",-0.416944924269197
"1900","908",-0.426160352525501
"1901","909",-0.443683713204858
"1902","91",-0.400740474970162
"1903","910",-0.426906962749594
"1904","911",-0.425702751708535
"1905","912",-0.440803534056926
"1906","913",-0.432584861053877
"1907","914",-0.404334103490144
"1908","915",-0.42888898969686
"1909","916",-0.469242855664176
"1910","917",-0.436710042639644
"1911","918",-0.407813834212016
"1912","919",-0.442222595408569
"1913","92",-0.424094841461962
"1914","920",-0.416449900733721
"1915","921",-0.419224704866523
"1916","922",-0.436539162556229
"1917","923",-0.447279416327528
"1918","924",-0.423571032376491
"1919","925",-0.419168033827939
"1920","926",-0.403905246514813
"1921","927",-0.415816529586871
"1922","928",-0.415232949351259
"1923","929",-0.412862475749845
"1924","93",-0.420186169056055
"1925","930",-0.408658599470781
"1926","931",-0.422727298244317
"1927","932",-0.423476654264632
"1928","933",-0.406904422649922
"1929","934",-0.419264442885094
"1930","935",-0.375692595289134
"1931","936",-0.443628517568116
"1932","937",-0.393156341763855
"1933","938",-0.431543930616131
"1934","939",-0.435537388237955
"1935","94",-0.375370624607844
"1936","940",-0.433905582262452
"1937","941",-0.438025603650166
"1938","942",-0.412565745163074
"1939","943",-0.453386076351483
"1940","944",-0.446240284984623
"1941","945",-0.434691389697002
"1942","946",-0.407283951348262
"1943","947",-0.388933153703592
"1944","948",-0.467329192296352
"1945","949",-0.451044940677729
"1946","95",-0.410947937575424
"1947","950",-0.429853319534441
"1948","951",-0.438247868668476
"1949","952",-0.441588102958105
"1950","953",-0.410158463389177
"1951","954",-0.428829630838858
"1952","955",-0.430237199629921
"1953","956",-0.445887192787898
"1954","957",-0.432646176243631
"1955","958",-0.447876385214551
"1956","959",-0.447408831225446
"1957","96",-0.441964299402759
"1958","960",-0.454488750749112
"1959","961",-0.396624597627784
"1960","962",-0.448569395236465
"1961","963",-0.436426331326127
"1962","964",-0.423366396836842
"1963","965",-0.44025975091162
"1964","966",-0.43093206180558
"1965","967",-0.416358411917215
"1966","968",-0.43296395224801
"1967","969",-0.467791745160451
"1968","97",-0.422078996328024
"1969","970",-0.443234637299438
"1970","971",-0.438681458561513
"1971","972",-0.451294530437599
"1972","973",-0.442451035633704
"1973","974",-0.43792523713624
"1974","975",-0.44144134771621
"1975","976",-0.411719345789238
"1976","977",-0.432264445090475
"1977","978",-0.457631599656802
"1978","979",-0.4192925840876
"1979","98",-0.442459609038457
"1980","980",-0.436809930982416
"1981","981",-0.424535056059866
"1982","982",-0.401656427642127
"1983","983",-0.408370368607469
"1984","984",-0.416388409988901
"1985","985",-0.443616722445345
"1986","986",-0.403476887290683
"1987","987",-0.429458338259592
"1988","988",-0.399294081547303
"1989","989",-0.417636378100112
"1990","99",-0.445027311357064
"1991","990",-0.440963573163325
"1992","991",-0.42521755101859
"1993","992",-0.446795521316466
"1994","993",-0.420637874608707
"1995","994",-0.444421893886835
"1996","995",-0.408437751095347
"1997","996",-0.413307186484195
"1998","997",-0.452291913201956
"1999","998",-0.413978367282107
"2000","999",-0.422484139812654
